QueryID,DocumentID,Relevance
1,4,0
1,11,0
1,339,0
1,1378,0
1,1861,1
1,2034,0
1,2371,0
1,2379,0
1,2624,0
1,4408,0
1,5102,0
1,5525,0
1,5588,1
1,5675,0
1,5819,0
1,5981,0
1,6357,1
1,6362,0
1,6390,0
1,6603,0
1,6779,0
1,7477,0
1,8006,0
1,8108,0
1,8520,0
1,8566,0
1,8580,0
1,8922,0
1,9102,0
1,9383,0
1,10716,0
1,11728,0
1,14137,0
1,14562,0
1,14658,0
1,15204,0
1,15213,0
1,15819,0
1,16290,0
1,17228,0
1,17271,1
1,17344,1
1,17476,0
1,17478,0
1,17641,0
1,18580,0
1,18821,1
1,19492,0
1,20241,0
1,20541,0
1,20822,0
1,20852,0
1,21524,0
1,23377,0
1,24135,0
1,24286,0
1,24566,0
1,24581,0
1,24835,0
1,24931,0
1,24939,0
1,25039,0
1,25209,0
1,25663,0
1,25826,0
1,26248,0
1,27284,1
1,27998,1
1,28039,0
1,29047,0
1,29075,0
1,29118,0
1,30466,0
1,31028,0
1,31739,0
1,32079,1
1,33210,0
1,33224,1
1,33633,0
1,34685,0
1,34994,0
1,35006,0
1,35223,0
1,35753,0
1,35868,0
1,36116,0
1,36246,0
1,36330,0
1,36413,0
1,36981,0
1,37195,0
1,37276,0
1,37496,0
1,38657,1
1,40375,0
1,40718,0
1,40909,0
1,40936,0
1,41294,0
1,41748,0
1,41936,1
1,42928,1
1,43003,0
1,43524,0
1,43576,0
1,43716,0
1,44245,0
1,44518,0
1,45127,0
1,45808,0
1,46040,0
1,46855,0
1,46896,1
1,46920,1
1,46959,1
1,47775,0
1,48035,0
1,48681,0
1,49375,0
1,49761,0
1,49784,0
1,49818,0
1,50188,0
1,50407,0
1,50625,1
1,51013,0
1,51534,0
1,51855,0
1,52584,0
1,53197,0
1,53309,0
1,53418,0
1,53813,0
1,54239,0
1,54345,0
1,54709,0
1,54927,1
1,55225,0
1,56013,1
1,56264,0
1,56507,0
1,56856,0
1,56858,0
1,56906,0
1,56910,0
1,57114,0
1,57893,0
1,58185,0
1,59180,0
1,59201,0
1,59213,0
1,59648,0
1,60458,0
1,60623,0
1,61385,0
1,61545,1
1,61750,0
1,61876,0
1,62851,0
1,63106,0
1,64261,1
1,64413,0
1,64446,0
1,64771,1
1,64996,0
1,65133,0
1,65896,0
1,66301,0
1,66302,0
1,66428,1
1,66526,0
1,66587,0
1,66606,0
1,66609,0
1,66649,0
1,67118,0
1,67564,0
1,67808,0
1,68321,0
1,68537,0
1,69022,0
1,69500,0
1,70364,0
1,70641,1
1,70984,0
1,71412,1
1,71426,1
1,71524,0
1,72003,0
1,72438,0
1,72858,0
1,73490,0
1,74132,0
1,75648,0
1,75742,0
1,75919,0
1,77084,0
1,77089,0
1,77754,0
1,78144,0
1,78280,0
1,78297,0
1,78555,0
1,78806,0
1,79719,0
1,80599,0
1,80866,0
1,80879,0
1,81109,0
1,81936,0
1,82365,0
1,82477,0
1,82514,0
1,82829,0
1,83028,1
1,83392,0
1,83496,0
1,84070,1
1,85006,0
1,85044,1
1,85060,0
1,86261,0
1,87791,0
1,88059,1
1,88187,0
1,88778,1
1,88826,0
1,89043,0
1,89136,0
1,89385,1
1,89925,0
1,91003,0
1,91346,0
1,91377,0
1,91792,0
1,91876,0
1,92366,0
1,92906,0
1,95870,0
1,96249,0
1,96272,0
1,96678,0
1,96938,0
1,97157,0
1,98702,1
1,98886,0
1,99166,0
1,100223,0
1,100418,0
1,100684,0
1,101267,0
1,102307,0
1,102565,0
1,102969,0
1,103099,1
1,103307,0
1,103482,0
1,103524,0
1,105248,0
1,106014,0
1,106428,0
1,106545,1
1,106591,0
1,106657,1
1,107002,1
1,107372,0
1,107743,0
2,54,0
2,538,0
2,606,0
2,1704,0
2,2064,0
2,2980,0
2,3336,0
2,3938,0
2,4250,0
2,4929,0
2,5793,0
2,6026,0
2,6069,0
2,6414,0
2,6476,0
2,6631,1
2,7075,0
2,7085,0
2,7287,0
2,8003,0
2,8370,1
2,9613,0
2,9957,0
2,10028,0
2,10100,0
2,10127,0
2,11155,0
2,11336,1
2,11385,0
2,11762,0
2,11912,0
2,13156,0
2,13269,0
2,13526,0
2,14048,0
2,14127,0
2,14834,0
2,14859,1
2,14991,0
2,15172,0
2,15758,0
2,15894,0
2,16438,0
2,16616,0
2,16752,0
2,17315,0
2,18037,0
2,18259,0
2,18717,0
2,19139,0
2,19903,0
2,20051,0
2,20431,0
2,20508,0
2,20636,0
2,20808,1
2,21205,0
2,21478,0
2,21757,0
2,22011,0
2,22414,0
2,22771,0
2,23722,0
2,23856,0
2,23951,0
2,24032,0
2,24040,0
2,24140,0
2,24541,0
2,24939,0
2,26397,0
2,26468,0
2,26620,0
2,27044,0
2,27416,0
2,27555,0
2,27731,0
2,27742,0
2,27992,0
2,28186,0
2,28382,0
2,28841,0
2,28975,0
2,29094,0
2,29352,0
2,29518,0
2,29570,0
2,30032,0
2,30197,0
2,30392,0
2,31465,0
2,31712,0
2,33007,0
2,33025,0
2,33609,0
2,33777,0
2,33902,0
2,34052,0
2,34400,0
2,34578,0
2,34681,0
2,35482,0
2,35753,0
2,36006,0
2,36076,0
2,36270,0
2,37299,0
2,37709,0
2,37739,0
2,38287,0
2,38308,0
2,38898,0
2,39199,0
2,39644,0
2,39830,0
2,39978,0
2,41187,0
2,41189,0
2,41294,0
2,41759,0
2,42417,0
2,42634,0
2,42899,0
2,43552,0
2,43839,0
2,43999,0
2,44080,0
2,44189,0
2,44557,0
2,45607,0
2,45635,0
2,46080,0
2,46341,0
2,46747,0
2,46816,0
2,46845,1
2,47562,0
2,47706,0
2,48456,0
2,48524,0
2,48681,0
2,48809,0
2,49010,0
2,49085,0
2,49583,0
2,50033,0
2,50146,0
2,50287,0
2,50753,0
2,51056,0
2,51143,0
2,51692,0
2,51893,1
2,51959,0
2,52591,0
2,52884,0
2,52962,0
2,53103,0
2,53813,0
2,53940,0
2,54035,0
2,54345,0
2,54987,0
2,55073,0
2,55633,0
2,56180,0
2,56209,0
2,56358,0
2,56499,0
2,56843,0
2,57040,0
2,57387,1
2,57717,0
2,57809,1
2,57853,0
2,58170,0
2,58434,0
2,58606,0
2,58655,0
2,59139,0
2,59600,1
2,60623,0
2,62253,0
2,62530,0
2,62903,0
2,63129,0
2,63132,0
2,63373,0
2,63780,0
2,65193,0
2,65381,0
2,66586,0
2,67114,0
2,67193,0
2,67450,0
2,67491,0
2,67607,0
2,67808,0
2,67932,0
2,68321,0
2,68517,0
2,69830,0
2,70227,0
2,70705,0
2,71013,0
2,72046,0
2,72074,0
2,72315,0
2,72563,0
2,72653,1
2,72846,0
2,73284,0
2,73355,0
2,73478,0
2,73860,0
2,74981,0
2,75026,0
2,75163,0
2,75249,0
2,75594,0
2,75765,0
2,75892,0
2,75919,0
2,75988,0
2,76317,0
2,77400,0
2,77715,0
2,77830,0
2,77899,0
2,77900,0
2,78304,0
2,80256,0
2,80941,0
2,81027,0
2,81260,0
2,82695,0
2,82733,0
2,83160,0
2,83632,0
2,84266,0
2,84862,0
2,85800,0
2,86073,0
2,86132,0
2,86687,0
2,86852,0
2,86897,0
2,87079,0
2,87390,0
2,89589,0
2,89845,0
2,90477,0
2,90816,0
2,90925,0
2,92539,0
2,93123,0
2,93277,0
2,93554,0
2,93582,1
2,93999,0
2,94377,0
2,94622,0
2,94719,0
2,94944,0
2,95011,0
2,95349,1
2,95421,0
2,95432,0
2,96226,0
2,96778,0
2,96805,0
2,96882,0
2,96991,0
2,97073,0
2,97780,0
2,97792,0
2,97925,0
2,98209,0
2,98457,0
2,98494,0
2,98571,0
2,98836,0
2,99361,0
2,99794,0
2,100479,0
2,100613,0
2,100748,1
2,100768,0
2,101267,0
2,102500,0
2,102943,0
2,103306,0
2,103311,0
2,103858,0
2,103999,1
2,104042,0
2,104395,0
2,104403,0
2,105044,0
2,105159,0
2,105306,0
2,105537,0
2,105578,0
2,105606,0
2,105641,0
2,105763,0
2,106262,0
2,106713,0
2,107006,0
2,107372,0
3,350,1
3,1160,1
3,1275,0
3,1523,1
3,1660,0
3,1713,0
3,1767,0
3,1789,0
3,1888,0
3,2371,0
3,2379,0
3,2390,0
3,2446,0
3,2655,0
3,3397,0
3,3475,0
3,3829,0
3,4087,0
3,4674,0
3,4981,0
3,5323,0
3,5833,0
3,5936,0
3,6148,0
3,6520,0
3,6594,0
3,6941,0
3,7944,0
3,8006,0
3,8508,0
3,8736,0
3,9032,1
3,9074,0
3,9219,0
3,9358,0
3,9405,0
3,9689,0
3,9740,0
3,10013,0
3,10235,0
3,10588,0
3,10992,0
3,11296,0
3,11699,0
3,11728,1
3,12854,0
3,13659,0
3,13996,0
3,14077,0
3,14178,0
3,14483,0
3,14676,0
3,15292,0
3,15688,1
3,15894,0
3,15911,0
3,16487,0
3,17644,0
3,17784,0
3,18012,0
3,18408,0
3,18624,1
3,19374,0
3,19412,0
3,19523,0
3,19947,0
3,20223,0
3,20383,0
3,20428,0
3,20573,0
3,20811,0
3,20991,0
3,21051,0
3,21585,0
3,21655,0
3,21819,0
3,22887,0
3,23076,0
3,23566,0
3,23722,0
3,24002,0
3,24532,0
3,24566,0
3,24835,0
3,24939,0
3,26131,0
3,26913,0
3,27383,0
3,27971,0
3,28553,0
3,28587,0
3,28664,1
3,28911,0
3,29044,0
3,29116,0
3,29352,0
3,29845,0
3,30047,0
3,30254,0
3,30464,0
3,30829,0
3,31230,0
3,31465,0
3,31602,0
3,31791,0
3,32076,0
3,33883,1
3,34455,0
3,35304,0
3,35642,0
3,35753,0
3,36677,0
3,36707,0
3,37119,0
3,37379,0
3,37387,1
3,38046,0
3,38770,0
3,39402,0
3,39844,0
3,40190,0
3,40439,0
3,40718,0
3,40820,0
3,41135,1
3,41294,0
3,41592,0
3,42023,0
3,42159,1
3,42836,0
3,43580,0
3,43639,0
3,44080,0
3,44275,0
3,44887,0
3,44944,0
3,45728,0
3,45808,0
3,46469,0
3,46531,0
3,46696,0
3,47169,0
3,47394,0
3,47975,0
3,48035,0
3,49784,0
3,49989,0
3,50397,0
3,50979,0
3,51013,0
3,51461,0
3,51530,0
3,52014,0
3,52722,0
3,53401,1
3,53633,0
3,53703,0
3,53813,0
3,53886,0
3,54050,0
3,54251,0
3,54677,1
3,54773,0
3,54829,0
3,55211,0
3,55267,0
3,55760,0
3,55989,0
3,57298,0
3,57694,0
3,57759,0
3,58109,0
3,58185,0
3,58552,0
3,58736,0
3,59248,0
3,59712,0
3,60229,0
3,60602,0
3,60882,0
3,61184,0
3,61385,0
3,61468,0
3,61833,0
3,62148,0
3,62851,0
3,63040,0
3,63839,0
3,65164,0
3,65551,1
3,65665,0
3,66007,0
3,66294,0
3,66318,0
3,66560,0
3,66609,0
3,67182,0
3,67808,0
3,68321,0
3,68699,0
3,70264,0
3,70327,0
3,70626,0
3,70872,0
3,70898,0
3,71510,1
3,71602,0
3,72126,0
3,73106,0
3,73258,0
3,74021,0
3,74351,0
3,75026,0
3,75465,0
3,75919,0
3,76398,0
3,76921,1
3,77047,0
3,77115,0
3,77220,0
3,77294,0
3,77396,0
3,77899,0
3,78051,0
3,78762,0
3,78988,0
3,79358,0
3,80129,0
3,80335,0
3,80904,0
3,81065,0
3,81501,0
3,81613,0
3,81808,0
3,81857,0
3,82337,0
3,82474,0
3,82627,0
3,82637,0
3,82741,0
3,82829,0
3,83436,0
3,83492,0
3,84013,0
3,84374,1
3,84646,0
3,85178,0
3,85310,0
3,85342,0
3,85773,1
3,85849,0
3,85961,0
3,86015,0
3,86229,1
3,86263,0
3,86549,0
3,86667,0
3,86852,0
3,87575,0
3,87613,0
3,88608,0
3,88637,0
3,88641,0
3,89156,0
3,89514,0
3,89530,0
3,89591,0
3,90064,0
3,90115,0
3,90562,0
3,90582,0
3,91441,0
3,91947,0
3,91999,0
3,92161,0
3,92429,0
3,92860,0
3,92925,0
3,93197,0
3,93265,0
3,93579,0
3,93741,0
3,94073,0
3,94745,0
3,94962,0
3,95716,0
3,95832,0
3,96245,0
3,96814,0
3,96849,0
3,96874,0
3,97821,0
3,97829,0
3,97910,0
3,98673,0
3,98811,0
3,99018,0
3,99361,0
3,99977,0
3,100427,0
3,100967,0
3,101267,0
3,101517,0
3,101550,0
3,101855,0
3,101867,0
3,101967,0
3,103311,0
3,103424,0
3,103925,0
3,104181,0
3,104374,0
3,104954,0
3,105203,0
3,105474,0
3,106303,0
3,106473,0
3,106584,0
3,106591,0
3,106859,0
3,107372,0
3,107473,0
3,107650,0
4,143,0
4,715,0
4,2356,0
4,3829,0
4,3941,0
4,5037,0
4,5341,0
4,5764,0
4,5869,0
4,6148,0
4,6189,0
4,6418,0
4,6710,0
4,6839,0
4,7529,0
4,8051,0
4,8642,0
4,8989,0
4,9311,0
4,9548,0
4,10013,0
4,10502,0
4,10747,0
4,13428,0
4,14238,0
4,14811,0
4,14909,0
4,16987,0
4,18854,0
4,19290,0
4,19725,0
4,19982,0
4,20203,0
4,20700,0
4,20748,0
4,21252,0
4,22162,1
4,22357,0
4,22396,1
4,23162,0
4,23614,1
4,24198,0
4,25221,0
4,26196,0
4,26277,0
4,26302,0
4,26579,0
4,27578,0
4,28606,0
4,29154,0
4,32548,0
4,33362,0
4,34261,0
4,34429,0
4,34757,0
4,35312,0
4,36079,0
4,36362,0
4,37549,0
4,37800,0
4,38062,0
4,38561,0
4,38664,0
4,38763,0
4,38973,0
4,39175,0
4,39339,0
4,40195,0
4,40476,0
4,40617,0
4,41294,0
4,41684,0
4,41864,0
4,42006,0
4,43465,0
4,43580,0
4,43849,0
4,44043,1
4,44273,0
4,44428,0
4,45180,0
4,45294,0
4,45937,0
4,46241,0
4,47415,0
4,47838,0
4,48000,0
4,48030,0
4,48905,0
4,49948,0
4,50448,0
4,50751,0
4,51095,0
4,51364,0
4,51640,1
4,51729,0
4,51766,0
4,52040,0
4,52332,0
4,52570,0
4,52696,0
4,53365,0
4,53634,0
4,54103,0
4,54676,0
4,55228,0
4,55824,1
4,55944,0
4,56224,0
4,57777,0
4,58008,0
4,58702,0
4,61826,0
4,61874,0
4,62093,0
4,62253,0
4,62339,0
4,62595,0
4,62626,0
4,62981,0
4,63985,0
4,64093,1
4,65144,0
4,66212,0
4,67789,0
4,68154,0
4,69517,0
4,69759,0
4,69825,0
4,69828,0
4,70762,0
4,71003,0
4,71005,0
4,71030,0
4,73607,0
4,74242,0
4,74997,0
4,75096,0
4,75671,0
4,75754,0
4,75919,0
4,76729,0
4,76813,0
4,76936,0
4,77553,0
4,78909,0
4,79703,0
4,80986,0
4,81535,0
4,83203,0
4,84491,0
4,84510,0
4,85254,0
4,85838,0
4,86003,0
4,87584,0
4,88147,0
4,89188,0
4,89396,0
4,89566,1
4,89839,0
4,90040,1
4,90061,0
4,90471,0
4,90535,0
4,90586,0
4,91155,0
4,91317,0
4,91531,0
4,91894,0
4,92452,0
4,92612,0
4,93506,0
4,94247,0
4,94383,0
4,95451,0
4,95851,0
4,95910,0
4,96018,0
4,96305,0
4,97426,0
4,98344,0
4,98860,0
4,100187,0
4,100351,0
4,100471,0
4,100873,1
4,101045,1
4,101732,0
4,102184,0
4,102320,0
4,102875,0
4,103293,0
4,105451,0
4,105860,0
4,105928,0
4,106626,0
4,106899,0
4,107408,0
4,107749,0
5,227,0
5,546,0
5,1087,0
5,1712,0
5,1925,0
5,2108,0
5,2371,0
5,2390,0
5,2416,0
5,2809,0
5,2921,0
5,3742,0
5,3936,0
5,4609,0
5,4878,1
5,5262,0
5,6059,0
5,6139,0
5,7035,0
5,7126,0
5,7782,0
5,8006,0
5,8248,0
5,8300,0
5,9357,0
5,9957,0
5,10435,1
5,10493,0
5,11728,0
5,12360,0
5,12559,0
5,13142,0
5,13235,0
5,13240,0
5,13290,0
5,13826,0
5,14048,0
5,14511,0
5,14762,0
5,15053,0
5,15062,0
5,15065,0
5,15865,0
5,15894,0
5,16100,1
5,16786,0
5,17874,0
5,19118,0
5,19164,0
5,19691,0
5,19713,0
5,19996,0
5,20514,1
5,21645,0
5,22000,0
5,22078,0
5,22414,0
5,23450,0
5,23520,0
5,23811,0
5,23870,0
5,23905,0
5,24032,0
5,24433,1
5,24939,0
5,25663,0
5,25873,0
5,26419,0
5,26456,0
5,27281,0
5,28905,0
5,29299,0
5,29754,0
5,29904,0
5,31763,0
5,32217,0
5,32639,0
5,32685,0
5,33460,0
5,34121,0
5,34427,0
5,34552,0
5,35753,0
5,35891,0
5,36006,0
5,36208,0
5,36226,0
5,37178,1
5,37500,0
5,39590,0
5,39654,0
5,39691,0
5,40433,0
5,40695,0
5,42052,0
5,44072,0
5,45156,0
5,45364,0
5,45719,0
5,46020,0
5,46307,0
5,46483,0
5,47128,0
5,48035,0
5,48558,0
5,48784,0
5,49374,0
5,50688,0
5,50711,0
5,52082,0
5,52094,0
5,52731,0
5,53273,0
5,53280,0
5,53633,0
5,53762,0
5,54829,0
5,54908,0
5,55005,0
5,55073,0
5,55489,0
5,55667,0
5,56773,0
5,56892,0
5,56945,1
5,58138,0
5,58185,0
5,59236,0
5,59985,0
5,60017,0
5,61331,0
5,61385,0
5,61639,1
5,62132,0
5,62162,0
5,62851,0
5,63193,0
5,64606,0
5,65271,0
5,65629,0
5,65701,0
5,67450,0
5,67808,0
5,68409,0
5,68417,0
5,69239,0
5,69642,0
5,70050,0
5,70205,0
5,70749,0
5,70789,0
5,71524,0
5,71840,0
5,71988,0
5,72003,0
5,72643,0
5,72965,1
5,73355,0
5,73803,0
5,73860,0
5,73881,0
5,73960,0
5,75312,0
5,75387,0
5,75624,0
5,75688,0
5,75888,0
5,75919,0
5,76005,0
5,76359,0
5,77220,0
5,77899,0
5,78166,0
5,78761,0
5,79028,0
5,80029,0
5,80453,0
5,81065,0
5,81098,0
5,82412,0
5,82594,0
5,82679,0
5,82804,0
5,82946,0
5,83598,0
5,84084,0
5,84929,0
5,84973,0
5,86221,0
5,86416,0
5,87614,1
5,87846,0
5,88187,0
5,88518,0
5,88564,0
5,88668,0
5,88684,0
5,89705,0
5,89899,0
5,90140,0
5,90576,0
5,90776,0
5,90813,0
5,91044,0
5,91417,0
5,91876,0
5,92069,0
5,92794,0
5,93013,0
5,93487,0
5,94130,0
5,94525,0
5,95322,0
5,95349,0
5,95415,0
5,96607,0
5,96745,0
5,97388,0
5,97393,0
5,97524,0
5,97540,0
5,97553,0
5,97907,0
5,98225,0
5,98293,0
5,98737,0
5,102022,0
5,102322,0
5,102705,0
5,102969,0
5,103029,0
5,104194,0
5,104686,0
5,104843,0
5,105300,0
5,105411,0
5,106859,0
5,107062,1
5,107165,0
5,107372,0
5,107810,0
7,62,0
7,133,0
7,361,0
7,446,0
7,721,0
7,823,0
7,1065,0
7,1410,0
7,1874,0
7,2129,0
7,2305,0
7,2560,0
7,2582,0
7,2739,0
7,2853,0
7,3081,0
7,3268,0
7,3760,0
7,4237,0
7,4394,0
7,4976,0
7,4983,0
7,5525,1
7,5819,0
7,6317,1
7,6911,0
7,6991,0
7,7036,0
7,7608,0
7,8666,0
7,9332,0
7,9636,1
7,9729,0
7,10241,0
7,10532,0
7,10618,0
7,10683,0
7,10700,0
7,10716,0
7,11127,0
7,11131,0
7,11626,0
7,11954,0
7,12573,0
7,12923,0
7,13096,0
7,13484,0
7,13672,0
7,13798,0
7,13905,0
7,15299,0
7,15854,0
7,16294,0
7,16811,0
7,16876,0
7,16948,0
7,17057,0
7,17368,0
7,17383,0
7,17421,0
7,17466,0
7,18069,0
7,18074,0
7,18223,0
7,18269,0
7,18339,0
7,18410,0
7,18422,0
7,18445,0
7,18464,0
7,18637,0
7,19714,0
7,19765,0
7,20431,0
7,21040,1
7,21335,0
7,21741,0
7,22129,0
7,22334,0
7,22464,0
7,22865,0
7,22923,0
7,23064,0
7,23242,0
7,23738,0
7,24096,0
7,25654,0
7,25799,0
7,26376,0
7,26382,0
7,26495,0
7,26789,0
7,26934,0
7,27142,0
7,27869,0
7,28562,0
7,28938,0
7,30370,0
7,30539,0
7,30673,0
7,31362,0
7,31710,0
7,32112,0
7,32338,0
7,32608,0
7,33454,0
7,33941,0
7,33947,0
7,34012,0
7,34105,1
7,34128,0
7,34174,0
7,34251,0
7,34314,0
7,34481,0
7,34940,0
7,36059,0
7,36353,0
7,36496,0
7,37151,0
7,37593,1
7,38067,0
7,38363,0
7,38424,0
7,38559,0
7,39192,0
7,39215,0
7,39534,0
7,40295,0
7,40613,0
7,40850,0
7,41248,0
7,41424,0
7,41655,0
7,41813,0
7,41893,0
7,42305,0
7,42321,0
7,42724,0
7,43003,0
7,43119,0
7,43575,0
7,43937,0
7,44012,0
7,44338,0
7,44461,0
7,45020,0
7,45215,0
7,46760,0
7,46930,0
7,47690,0
7,47745,0
7,47830,0
7,47861,0
7,48111,0
7,48246,0
7,48409,0
7,48843,0
7,48886,0
7,49067,0
7,49151,0
7,49319,0
7,49871,0
7,49971,0
7,50177,0
7,50486,0
7,50516,0
7,50774,1
7,50833,0
7,50940,0
7,51689,0
7,51805,0
7,52458,0
7,52630,0
7,52851,0
7,52884,0
7,53371,0
7,53725,0
7,53852,0
7,54035,0
7,54042,0
7,54345,0
7,55092,0
7,55214,0
7,55355,0
7,55691,0
7,55691,1
7,55965,0
7,56311,0
7,57057,0
7,57347,0
7,57615,0
7,57940,0
7,59112,0
7,59427,0
7,59642,0
7,60337,0
7,61661,0
7,61804,1
7,62091,0
7,62537,0
7,62901,0
7,62921,0
7,63128,0
7,63336,0
7,63819,0
7,64284,0
7,64341,0
7,65129,0
7,66013,0
7,66127,0
7,66607,0
7,66650,0
7,67245,0
7,67405,0
7,67512,0
7,67523,0
7,67684,0
7,67914,0
7,68174,0
7,68277,0
7,68488,0
7,68562,0
7,68587,0
7,68957,0
7,69205,0
7,69309,0
7,69544,0
7,69807,0
7,70628,0
7,70861,0
7,70974,0
7,71426,0
7,72438,0
7,72723,0
7,73284,0
7,75401,0
7,75561,0
7,75583,0
7,76252,0
7,76514,0
7,77150,0
7,77307,0
7,77325,0
7,77680,0
7,78367,0
7,78376,0
7,78495,0
7,78766,0
7,78892,0
7,79462,0
7,79994,0
7,80087,0
7,80307,0
7,81620,0
7,81841,0
7,82874,0
7,83173,0
7,83182,0
7,83602,0
7,83624,0
7,83729,0
7,84807,0
7,84808,0
7,85007,0
7,85318,0
7,85730,0
7,85851,0
7,85933,0
7,85998,0
7,86491,0
7,87210,0
7,87804,0
7,87843,0
7,88292,0
7,88810,0
7,89276,0
7,89741,0
7,90543,0
7,90796,0
7,90923,0
7,90925,0
7,91887,0
7,92006,0
7,92286,1
7,92540,0
7,92736,0
7,92799,0
7,92902,0
7,93659,0
7,93901,0
7,93907,0
7,95421,0
7,95468,0
7,96097,0
7,96241,0
7,96485,0
7,97193,0
7,98235,0
7,98431,0
7,98861,0
7,99172,0
7,99578,0
7,99619,0
7,99712,0
7,100206,0
7,100531,0
7,101813,0
7,101828,0
7,102873,0
7,102881,0
7,103836,0
7,104357,0
7,104410,0
7,104524,0
7,104643,0
7,106154,0
7,106397,0
7,106965,0
7,107111,0
7,107168,0
7,107226,0
11,321,0
11,801,0
11,1122,0
11,1430,0
11,1712,0
11,1753,0
11,2293,0
11,2484,0
11,4234,0
11,4401,0
11,4492,0
11,4675,0
11,5053,0
11,5296,0
11,5362,0
11,5414,0
11,5841,0
11,5976,0
11,6359,0
11,6773,0
11,7260,0
11,7693,0
11,8836,0
11,9235,0
11,9684,0
11,9695,0
11,10533,0
11,11795,0
11,12424,0
11,12827,0
11,13239,0
11,13417,0
11,13858,0
11,13908,0
11,14127,0
11,14835,0
11,15167,0
11,15344,0
11,15858,0
11,15940,0
11,16773,0
11,16938,0
11,17383,0
11,17640,0
11,17939,0
11,20066,0
11,20159,0
11,20364,0
11,20436,0
11,21640,0
11,22528,1
11,22730,0
11,22759,0
11,23527,0
11,24200,0
11,24345,0
11,24616,0
11,24999,0
11,25698,0
11,26432,0
11,26573,0
11,26937,0
11,27044,0
11,28143,0
11,28286,0
11,28415,0
11,29754,0
11,30332,0
11,30679,0
11,30774,0
11,30869,1
11,31573,0
11,32845,0
11,33363,0
11,33551,0
11,34578,0
11,34579,0
11,34720,0
11,35023,0
11,35269,1
11,35386,0
11,35466,0
11,35753,0
11,36179,0
11,37218,0
11,37473,0
11,38157,0
11,39081,0
11,39454,0
11,39611,0
11,39719,0
11,39828,0
11,39852,0
11,40398,0
11,40442,0
11,40797,0
11,41052,0
11,41614,0
11,41640,0
11,42033,0
11,42714,0
11,43580,0
11,43999,0
11,44440,0
11,44662,0
11,44752,0
11,44829,0
11,45083,0
11,45751,0
11,45967,0
11,46068,1
11,46531,0
11,47723,0
11,48168,0
11,49505,0
11,49753,0
11,49854,0
11,50541,0
11,50878,0
11,52260,0
11,52315,1
11,52688,0
11,53591,0
11,53811,0
11,53813,0
11,53841,0
11,54345,0
11,54773,0
11,54853,0
11,55684,0
11,55864,0
11,57615,0
11,57862,0
11,57933,0
11,59088,0
11,60582,0
11,60623,0
11,60909,0
11,61371,0
11,62550,0
11,63196,1
11,63269,0
11,64969,0
11,65108,0
11,65140,0
11,67042,0
11,67124,0
11,67765,0
11,68424,0
11,68899,0
11,69259,0
11,69759,0
11,70321,0
11,70955,0
11,71803,0
11,71927,0
11,72036,0
11,72311,0
11,72622,0
11,72968,0
11,73324,1
11,73407,0
11,73583,0
11,73980,0
11,75026,0
11,75213,0
11,75765,0
11,75919,0
11,75990,0
11,76470,1
11,78305,0
11,78364,0
11,78533,0
11,78718,0
11,79770,0
11,80095,0
11,80619,0
11,80921,0
11,81101,0
11,81570,0
11,81611,0
11,82266,0
11,82946,0
11,84123,0
11,84266,0
11,85447,0
11,85988,0
11,87340,0
11,87720,0
11,87791,0
11,88491,0
11,88595,0
11,88639,0
11,88837,0
11,89448,0
11,89971,0
11,90123,0
11,90341,1
11,91233,0
11,91514,0
11,91835,0
11,92089,0
11,92825,0
11,93151,0
11,93418,0
11,93721,0
11,94105,0
11,94211,0
11,95670,0
11,95895,0
11,96246,0
11,97314,0
11,98148,0
11,98173,1
11,98224,0
11,98950,0
11,100613,0
11,100837,0
11,100870,1
11,101215,0
11,101267,0
11,101316,0
11,101533,0
11,101941,0
11,102089,0
11,102253,0
11,102947,0
11,103692,0
11,103739,0
11,104248,0
11,104353,0
11,104390,0
11,104912,0
11,105537,0
11,105865,0
11,106146,0
11,106262,0
11,106591,0
11,107067,0
11,107116,0
11,107243,0
11,107256,0
11,107341,0
11,107352,0
11,107372,0
11,107749,0
11,107767,0
12,134,0
12,1224,0
12,1868,0
12,2371,0
12,3475,0
12,3511,0
12,3987,0
12,4306,0
12,4487,1
12,5377,1
12,5781,0
12,6148,0
12,6629,0
12,6854,0
12,7306,0
12,9904,0
12,9984,0
12,10747,0
12,10799,0
12,10923,0
12,11718,0
12,11854,0
12,13262,0
12,13609,0
12,13696,0
12,14811,0
12,14909,0
12,15306,0
12,15580,0
12,15974,0
12,16003,0
12,16567,0
12,16650,0
12,17917,0
12,17934,0
12,18285,0
12,18854,0
12,19290,0
12,20023,0
12,21168,0
12,21533,0
12,21726,0
12,21779,0
12,22357,0
12,22510,1
12,23199,0
12,23680,0
12,23722,0
12,24939,0
12,25306,0
12,25795,0
12,26363,0
12,26828,0
12,26913,0
12,28019,1
12,28313,0
12,28496,0
12,28498,0
12,29058,0
12,29356,0
12,29766,0
12,29788,0
12,31087,0
12,31500,0
12,31526,0
12,31887,0
12,32135,0
12,32383,0
12,32685,1
12,34052,0
12,34214,0
12,34721,0
12,35226,0
12,35324,0
12,37388,0
12,37549,1
12,37861,0
12,38561,0
12,38692,0
12,38709,0
12,38807,0
12,38878,0
12,38973,0
12,39666,0
12,39791,0
12,39978,0
12,40428,0
12,41294,0
12,42902,0
12,43963,0
12,44051,0
12,44149,0
12,44374,0
12,44943,0
12,45700,0
12,46005,0
12,46684,0
12,47723,0
12,48666,0
12,49110,0
12,50280,0
12,50316,1
12,51929,0
12,52688,0
12,52696,0
12,52704,0
12,52736,0
12,53153,0
12,53466,0
12,54283,0
12,54335,0
12,54683,0
12,56224,0
12,56348,0
12,57635,0
12,57987,0
12,58092,0
12,58261,0
12,58465,0
12,59005,0
12,59826,0
12,59982,0
12,60012,0
12,60014,0
12,60595,0
12,61282,0
12,61507,0
12,62851,0
12,62903,0
12,62981,0
12,64275,0
12,64773,0
12,64780,0
12,64983,0
12,65106,0
12,65136,0
12,66533,0
12,66560,0
12,66834,0
12,66877,0
12,67808,0
12,68154,0
12,68321,0
12,68533,0
12,69006,0
12,69307,0
12,69759,0
12,70626,0
12,70762,0
12,71005,0
12,72445,0
12,72952,0
12,73664,0
12,74074,0
12,74174,0
12,74434,0
12,75003,0
12,75092,0
12,75435,0
12,75919,0
12,76019,1
12,76813,0
12,77966,0
12,78344,0
12,78381,0
12,79084,0
12,79160,0
12,79705,0
12,80119,0
12,80921,1
12,81086,0
12,81405,0
12,81857,0
12,82474,0
12,83360,0
12,83915,0
12,84035,0
12,84491,0
12,85950,0
12,86070,0
12,86667,0
12,86785,0
12,87119,0
12,87390,0
12,87816,0
12,87873,0
12,88326,0
12,89015,0
12,89396,0
12,89804,0
12,90245,0
12,90819,0
12,90930,0
12,91099,1
12,91424,0
12,91999,0
12,92452,0
12,92481,0
12,92819,0
12,92883,0
12,92912,0
12,93290,0
12,93312,0
12,93892,0
12,94075,0
12,94133,0
12,94985,1
12,95462,1
12,95646,0
12,96991,0
12,97520,0
12,97638,0
12,98060,0
12,98605,0
12,99018,0
12,99098,0
12,99579,0
12,100191,0
12,100302,0
12,100351,0
12,100608,0
12,100952,0
12,102320,0
12,102418,0
12,103081,0
12,103729,0
12,104339,0
12,104489,0
12,104514,0
12,105479,0
12,105928,0
12,106047,0
12,106879,0
12,106914,0
12,107282,0
12,107749,0
13,372,0
13,1101,0
13,1564,0
13,1787,0
13,2144,0
13,2343,0
13,2512,0
13,3167,1
13,3417,0
13,3446,0
13,3640,1
13,4299,0
13,5123,0
13,5222,0
13,5467,0
13,5521,0
13,6039,0
13,6040,0
13,6714,0
13,7128,1
13,7572,0
13,8429,0
13,8440,0
13,10257,0
13,10980,0
13,11645,0
13,12222,1
13,13155,0
13,13239,1
13,13536,0
13,13546,0
13,14428,0
13,14762,0
13,15190,0
13,15266,0
13,15880,0
13,16122,0
13,16744,0
13,16812,0
13,17766,0
13,17781,0
13,18472,0
13,18747,0
13,18889,0
13,18986,0
13,19095,0
13,19269,0
13,19289,0
13,20383,0
13,20824,0
13,20829,1
13,21846,0
13,22013,0
13,22134,0
13,22311,0
13,22472,0
13,22500,0
13,22750,0
13,23722,0
13,24175,0
13,24522,1
13,25114,0
13,25180,0
13,25698,1
13,25864,1
13,26129,0
13,26581,0
13,26591,0
13,26939,0
13,27899,0
13,28013,0
13,28690,0
13,29047,0
13,29352,0
13,30031,0
13,30366,0
13,31412,0
13,31433,0
13,31487,0
13,31526,0
13,31710,0
13,31813,0
13,31830,0
13,33021,1
13,33177,0
13,33633,0
13,34481,0
13,34600,0
13,34841,0
13,35101,0
13,35156,0
13,36365,1
13,36372,0
13,36568,0
13,37195,0
13,37549,0
13,37627,0
13,37943,0
13,38171,1
13,38259,0
13,38397,0
13,39143,0
13,39153,0
13,39216,0
13,39691,0
13,39765,0
13,39896,0
13,40186,0
13,40259,0
13,40458,0
13,40753,0
13,40861,1
13,41067,0
13,41669,0
13,42106,0
13,43148,0
13,43580,0
13,43905,0
13,43951,0
13,44080,0
13,44273,0
13,46041,1
13,46042,0
13,46149,0
13,46877,0
13,47033,0
13,47117,0
13,47221,1
13,47292,0
13,47723,1
13,49144,0
13,49227,0
13,50116,0
13,50190,0
13,50290,0
13,50436,1
13,50763,0
13,50889,0
13,51493,0
13,52332,0
13,52520,0
13,52571,0
13,52819,0
13,52969,0
13,53150,0
13,53347,0
13,53418,0
13,53634,0
13,53813,0
13,53830,0
13,54177,0
13,54189,0
13,54297,0
13,54345,0
13,54523,1
13,54829,0
13,54880,0
13,55390,0
13,56546,0
13,56636,1
13,57221,0
13,57719,0
13,58581,0
13,58752,0
13,58784,0
13,59155,0
13,60067,0
13,60161,0
13,60693,0
13,61099,0
13,61351,0
13,61384,0
13,61385,0
13,61447,0
13,61469,0
13,61711,1
13,62755,1
13,63576,0
13,64022,0
13,64211,0
13,64799,0
13,65565,0
13,65891,0
13,66371,0
13,66820,0
13,66822,0
13,67100,0
13,67472,0
13,67515,0
13,67699,0
13,67807,0
13,68040,0
13,68321,0
13,68409,0
13,68689,0
13,68877,0
13,69696,0
13,70358,0
13,70424,0
13,70809,0
13,71145,0
13,71181,0
13,71490,1
13,71689,0
13,72108,0
13,73184,0
13,73187,0
13,73533,0
13,73653,0
13,73901,0
13,74062,0
13,74074,0
13,74540,0
13,76052,0
13,76176,0
13,76434,0
13,76792,0
13,76813,0
13,76931,0
13,77084,0
13,77422,0
13,78669,0
13,78762,0
13,78851,0
13,79060,0
13,79236,0
13,79549,1
13,80722,0
13,81147,0
13,84097,0
13,84623,0
13,85700,0
13,85718,0
13,85719,0
13,85863,0
13,86963,0
13,86983,0
13,87084,0
13,87128,0
13,87730,0
13,87791,0
13,87922,0
13,88635,0
13,88866,0
13,88889,0
13,88902,0
13,89654,0
13,89754,0
13,90133,0
13,90619,0
13,91396,0
13,92716,0
13,93983,0
13,94261,0
13,95585,0
13,96097,0
13,96241,0
13,96704,0
13,97499,0
13,97564,0
13,97777,0
13,97923,0
13,98282,0
13,98332,0
13,98454,0
13,98597,0
13,98621,0
13,98803,0
13,99197,0
13,99777,0
13,101267,0
13,101984,0
13,102250,0
13,102565,0
13,102570,0
13,102910,0
13,103326,0
13,103968,0
13,104643,1
13,104975,0
13,105988,0
13,106312,0
13,106342,0
13,106423,0
13,106470,0
13,106626,0
13,107126,0
13,107752,0
14,77,0
14,363,0
14,446,0
14,813,0
14,1065,0
14,1308,0
14,1704,0
14,2474,0
14,2582,0
14,2676,0
14,2889,0
14,2975,0
14,3524,0
14,3864,1
14,4615,0
14,4976,0
14,5222,0
14,5283,0
14,5521,0
14,5638,0
14,5690,0
14,5819,0
14,6047,0
14,6616,1
14,7635,0
14,7718,0
14,8606,0
14,8911,0
14,9875,0
14,9972,0
14,10747,0
14,11143,1
14,11162,0
14,11233,1
14,11954,0
14,12379,0
14,12718,0
14,13822,0
14,13868,0
14,13905,0
14,14545,0
14,15255,0
14,15300,0
14,15865,0
14,16294,0
14,16344,0
14,16785,0
14,17663,0
14,17874,1
14,18986,0
14,19095,0
14,19674,0
14,19921,0
14,20006,0
14,20383,0
14,20431,0
14,20593,0
14,20605,0
14,20700,0
14,20875,0
14,20999,0
14,21252,0
14,21524,0
14,22206,0
14,23666,0
14,23720,0
14,24837,0
14,24939,0
14,25111,0
14,25572,0
14,26376,0
14,26651,0
14,27099,0
14,27421,0
14,27580,0
14,27815,0
14,27878,0
14,29047,0
14,29771,0
14,29786,0
14,30055,0
14,30515,0
14,30536,0
14,30854,0
14,31689,0
14,31710,0
14,32112,0
14,33490,0
14,33970,0
14,34915,0
14,35105,0
14,35735,1
14,35985,0
14,36518,0
14,38512,0
14,39216,0
14,39722,0
14,39801,0
14,40419,0
14,40613,0
14,40623,0
14,40663,0
14,40695,0
14,40765,0
14,40802,0
14,40876,0
14,40910,0
14,41067,0
14,41261,1
14,41551,0
14,42258,0
14,42709,0
14,42895,0
14,43216,0
14,43867,1
14,43937,0
14,44080,0
14,45461,0
14,45680,0
14,46684,0
14,46816,0
14,47559,0
14,47723,0
14,47739,0
14,47782,0
14,47933,0
14,47975,0
14,48634,0
14,48703,0
14,48728,0
14,49094,0
14,49150,0
14,49661,0
14,50006,0
14,50055,0
14,50255,1
14,50910,0
14,51354,0
14,52014,0
14,52079,1
14,52163,0
14,52276,0
14,52502,0
14,52644,0
14,52779,1
14,52884,0
14,53042,0
14,53064,0
14,53170,0
14,53179,0
14,53280,0
14,53788,0
14,53852,0
14,54015,0
14,54035,0
14,54164,0
14,54345,0
14,54368,0
14,54837,0
14,55974,0
14,55986,0
14,56134,0
14,56599,1
14,56636,0
14,57666,0
14,58347,0
14,58577,0
14,59025,0
14,61070,0
14,61141,0
14,61711,0
14,61925,0
14,61926,0
14,62084,0
14,62091,0
14,62851,0
14,64023,0
14,64413,0
14,64976,0
14,65129,0
14,65195,0
14,65799,0
14,66094,0
14,67176,0
14,67214,1
14,67459,0
14,67563,0
14,67911,0
14,68321,0
14,68562,0
14,68620,0
14,69629,0
14,69731,0
14,70255,0
14,70325,0
14,70764,0
14,70872,0
14,71602,0
14,72740,0
14,73161,0
14,73355,0
14,73575,0
14,73866,0
14,73901,0
14,74987,0
14,75026,0
14,75030,0
14,75401,0
14,75490,0
14,75528,0
14,75561,0
14,75599,1
14,75616,0
14,75688,0
14,75888,0
14,75919,0
14,76028,0
14,76679,0
14,76813,0
14,77220,0
14,77325,0
14,77432,0
14,77754,0
14,77787,1
14,78762,0
14,79103,0
14,79549,0
14,80218,0
14,80472,0
14,80526,0
14,81994,0
14,82767,0
14,82874,0
14,83182,0
14,84154,0
14,84156,0
14,85076,1
14,85915,0
14,86667,0
14,86897,1
14,86987,0
14,87116,0
14,87293,0
14,87416,0
14,87430,0
14,88028,0
14,88124,0
14,88198,0
14,88435,0
14,88641,0
14,88891,0
14,89091,0
14,89156,0
14,89188,0
14,89590,0
14,89754,0
14,90543,0
14,90925,0
14,91092,0
14,91468,0
14,92793,0
14,93295,0
14,93404,0
14,93655,0
14,93764,0
14,94130,0
14,94456,0
14,95388,0
14,95421,0
14,96183,0
14,96286,1
14,96512,0
14,98147,0
14,98621,0
14,99563,0
14,99568,1
14,99667,0
14,99917,0
14,100107,0
14,100150,0
14,100337,0
14,101895,0
14,102025,0
14,102316,0
14,102320,0
14,103602,0
14,104154,0
14,105602,0
14,106018,0
14,106909,0
14,107050,1
14,107629,0
15,297,0
15,361,0
15,1136,0
15,1354,0
15,2195,0
15,2431,0
15,2695,0
15,2783,0
15,3092,0
15,4524,0
15,4660,0
15,4681,0
15,5195,0
15,5663,0
15,6138,0
15,6228,0
15,6946,0
15,7425,0
15,7439,0
15,7979,0
15,8019,0
15,8109,0
15,9658,0
15,10464,0
15,11711,0
15,11934,0
15,11952,0
15,12101,0
15,13933,0
15,15527,0
15,15899,0
15,16104,0
15,16584,0
15,16671,0
15,17490,0
15,17693,0
15,17719,0
15,18065,0
15,18988,0
15,19160,0
15,19210,0
15,20380,0
15,20707,0
15,20723,0
15,21008,1
15,22766,0
15,23155,0
15,24061,0
15,24216,0
15,24570,0
15,24694,0
15,24854,0
15,25098,0
15,25180,0
15,25330,0
15,25654,0
15,25752,0
15,26082,0
15,26316,0
15,27200,0
15,27654,0
15,28275,0
15,28359,0
15,28594,0
15,28606,0
15,28659,0
15,30853,0
15,31098,0
15,32069,0
15,32079,0
15,33282,0
15,33545,0
15,33690,0
15,33949,0
15,34078,0
15,34147,0
15,34213,0
15,34538,0
15,34757,0
15,34966,0
15,36246,1
15,37357,0
15,37433,0
15,37955,0
15,38200,0
15,38675,0
15,38707,0
15,38880,0
15,39237,0
15,41505,1
15,41648,0
15,41693,0
15,41862,0
15,44048,0
15,44491,0
15,44940,0
15,45107,0
15,46353,0
15,47935,0
15,48252,0
15,48681,0
15,49485,0
15,49598,0
15,50505,0
15,51194,0
15,51409,0
15,51557,0
15,51568,0
15,51575,0
15,51815,0
15,52983,0
15,53073,0
15,53197,0
15,53217,0
15,53822,0
15,53990,0
15,54902,0
15,54989,0
15,55805,0
15,55974,0
15,56156,0
15,56356,0
15,56440,0
15,57038,1
15,57689,0
15,57981,0
15,58460,0
15,58525,0
15,58702,0
15,59076,0
15,59159,0
15,59219,0
15,59645,0
15,60059,0
15,62806,0
15,63669,0
15,63768,0
15,63885,0
15,64174,0
15,64894,0
15,65623,1
15,66206,0
15,68811,0
15,69118,0
15,69301,0
15,69524,0
15,70575,0
15,70996,0
15,71588,0
15,72435,0
15,73597,0
15,73838,0
15,73855,0
15,74260,1
15,74378,1
15,74553,0
15,74633,0
15,74655,0
15,75219,0
15,76066,0
15,76338,0
15,77150,0
15,77503,0
15,77512,0
15,78025,0
15,78466,0
15,78545,0
15,78931,0
15,79328,0
15,79364,0
15,79397,0
15,80478,0
15,81338,0
15,82162,0
15,82762,0
15,83347,0
15,83742,0
15,84307,0
15,85128,1
15,85730,0
15,86391,0
15,86639,0
15,86916,0
15,87119,0
15,87340,0
15,87407,0
15,87539,1
15,87609,0
15,87829,0
15,88411,0
15,89385,1
15,90053,0
15,90233,0
15,90542,0
15,91476,0
15,91785,0
15,93216,0
15,93924,0
15,94041,0
15,94223,0
15,94467,0
15,96272,1
15,96323,0
15,96404,0
15,97171,0
15,97326,0
15,98699,0
15,99463,0
15,100094,0
15,100948,0
15,101851,0
15,103183,0
15,103591,0
15,104089,0
15,105097,0
15,106220,0
15,106237,0
15,106693,0
15,107457,0
17,193,0
17,681,0
17,1065,0
17,1153,1
17,1669,0
17,1696,0
17,1947,0
17,3268,0
17,3390,0
17,3566,0
17,4095,0
17,4955,0
17,5151,0
17,5262,0
17,5382,0
17,5580,0
17,5924,1
17,6444,0
17,6588,0
17,7718,0
17,8569,1
17,8941,0
17,9061,0
17,9137,0
17,9251,1
17,9375,0
17,9795,0
17,9922,1
17,10283,0
17,11155,0
17,11931,0
17,12148,0
17,12153,0
17,12426,0
17,13196,0
17,13240,0
17,14167,0
17,14208,1
17,14316,0
17,14511,0
17,14732,0
17,15124,0
17,15502,1
17,15918,0
17,15927,0
17,16294,0
17,16529,0
17,16985,0
17,17460,0
17,17648,0
17,18354,0
17,18579,0
17,18892,0
17,19174,0
17,19746,0
17,21039,0
17,21224,0
17,21877,0
17,21879,0
17,22009,0
17,22211,0
17,22677,0
17,22865,0
17,23193,0
17,23883,0
17,24163,0
17,24903,0
17,24939,0
17,25750,0
17,25918,0
17,26538,0
17,26597,0
17,26944,0
17,27818,0
17,28237,0
17,28242,0
17,28331,0
17,28545,0
17,29075,0
17,29138,0
17,29296,0
17,29528,0
17,29642,0
17,30272,0
17,30290,0
17,30366,1
17,30762,0
17,30905,0
17,31119,0
17,31342,0
17,31392,0
17,31622,0
17,33281,0
17,33958,0
17,35170,0
17,35415,1
17,35464,0
17,35813,0
17,35878,0
17,35985,0
17,36500,0
17,36647,0
17,36668,0
17,37520,0
17,37806,0
17,39119,0
17,40263,0
17,40399,0
17,40729,0
17,40819,0
17,40840,1
17,41174,0
17,41914,0
17,42187,0
17,42617,1
17,42647,0
17,42665,0
17,43348,0
17,43524,0
17,43937,0
17,44621,0
17,44860,0
17,46999,0
17,47225,0
17,47551,0
17,47556,0
17,47782,0
17,47933,0
17,47975,0
17,48548,0
17,48728,0
17,49028,0
17,49227,0
17,49375,0
17,50249,0
17,50310,0
17,50327,0
17,50801,0
17,51476,0
17,51802,0
17,51953,0
17,52014,0
17,52415,1
17,52447,0
17,52757,0
17,53011,0
17,53026,0
17,53042,0
17,53725,0
17,53813,0
17,53852,0
17,53931,0
17,54042,0
17,54049,1
17,54345,0
17,54465,0
17,54832,0
17,54923,0
17,55523,0
17,56056,0
17,56445,0
17,56585,0
17,56639,1
17,56795,0
17,56961,0
17,57785,0
17,59025,0
17,59053,0
17,59217,1
17,59231,0
17,59388,0
17,59528,0
17,60518,0
17,60734,0
17,61069,0
17,61719,1
17,61784,0
17,62013,0
17,62091,0
17,62670,0
17,62851,0
17,62903,0
17,64355,0
17,64383,0
17,64476,0
17,64713,0
17,66280,0
17,67501,0
17,67564,0
17,67700,0
17,67808,0
17,67814,0
17,67816,0
17,68006,0
17,68205,0
17,68263,0
17,68514,0
17,69364,0
17,69565,0
17,69759,0
17,70281,0
17,70348,0
17,70465,0
17,70646,0
17,70698,0
17,70936,0
17,71481,0
17,72010,0
17,72176,1
17,72269,0
17,72974,0
17,73053,0
17,73355,0
17,73881,0
17,74132,0
17,75797,0
17,75919,0
17,76602,0
17,76929,0
17,77330,0
17,77371,0
17,77377,0
17,77516,0
17,77647,0
17,78559,0
17,79104,0
17,79181,0
17,79763,0
17,80152,0
17,80603,0
17,81115,0
17,81226,0
17,81371,0
17,81481,0
17,81721,0
17,84156,0
17,84196,0
17,84437,0
17,84538,0
17,84666,0
17,86288,0
17,86507,0
17,86587,0
17,86987,0
17,87002,1
17,87197,0
17,88917,0
17,89323,0
17,90399,0
17,91740,0
17,92819,0
17,93123,0
17,93213,0
17,93438,0
17,93568,0
17,94821,0
17,95663,0
17,95688,0
17,95987,0
17,96167,0
17,96374,0
17,96397,0
17,96768,0
17,96946,0
17,97310,0
17,97388,0
17,97808,0
17,97849,0
17,97940,0
17,98272,0
17,98853,0
17,99770,0
17,100584,0
17,100651,0
17,101046,0
17,101090,0
17,101266,0
17,101267,0
17,101302,0
17,101543,0
17,101654,0
17,101730,0
17,102398,0
17,102409,0
17,102903,0
17,103046,0
17,103293,0
17,103688,1
17,103813,1
17,103825,0
17,104843,0
17,105208,0
17,105214,0
17,105573,0
17,105765,0
17,106718,0
17,107198,0
17,107749,0
17,107810,0
18,1642,0
18,1704,0
18,1855,0
18,2032,0
18,2083,0
18,2435,0
18,2582,0
18,3084,0
18,3369,0
18,3726,0
18,4298,0
18,4638,0
18,4955,0
18,4976,0
18,5574,0
18,5819,0
18,6042,0
18,6975,0
18,7883,0
18,7917,0
18,9332,0
18,9484,0
18,9784,0
18,9875,0
18,11100,0
18,11618,0
18,11954,0
18,11981,0
18,12010,1
18,12227,0
18,12357,0
18,12391,0
18,12718,0
18,13269,0
18,13536,0
18,13546,0
18,13735,0
18,13951,0
18,14098,0
18,14770,0
18,15300,0
18,15409,0
18,15759,0
18,16045,0
18,16070,0
18,16502,0
18,16648,0
18,16799,0
18,18040,0
18,18450,0
18,18986,0
18,19881,0
18,20431,0
18,20570,0
18,21255,0
18,22489,0
18,23336,0
18,23445,0
18,23556,0
18,23755,0
18,23765,0
18,24100,0
18,24137,0
18,25390,0
18,26227,0
18,26651,0
18,26907,0
18,27099,0
18,27482,0
18,27635,0
18,27815,0
18,28245,0
18,28841,0
18,29167,0
18,29503,0
18,29572,0
18,30372,0
18,30378,0
18,30392,0
18,30539,0
18,30977,0
18,31495,0
18,32079,0
18,32112,0
18,32551,0
18,32660,0
18,33210,0
18,33621,0
18,34453,0
18,34481,0
18,35177,0
18,35907,0
18,35927,1
18,35943,0
18,36411,0
18,36979,1
18,38396,0
18,38954,0
18,39153,0
18,40137,0
18,40170,0
18,40623,0
18,41625,0
18,41788,0
18,42462,0
18,42514,0
18,42819,0
18,43003,0
18,43254,0
18,43380,0
18,43580,0
18,43599,0
18,43850,0
18,44206,0
18,44760,0
18,45566,0
18,46134,0
18,46349,0
18,46930,0
18,47048,0
18,47079,0
18,47723,0
18,48092,0
18,48301,0
18,48467,0
18,48521,0
18,48557,0
18,49145,0
18,49440,0
18,49513,0
18,50581,0
18,51013,0
18,52763,0
18,53280,0
18,53401,0
18,53927,0
18,54005,0
18,54057,0
18,54376,0
18,54485,0
18,55490,0
18,56134,0
18,57329,0
18,57622,0
18,57951,0
18,59648,0
18,59809,0
18,60060,0
18,60073,0
18,60647,0
18,60708,0
18,60925,0
18,61848,1
18,62762,0
18,62851,0
18,62903,0
18,63129,0
18,64196,0
18,65605,0
18,68275,0
18,68514,0
18,68657,0
18,69874,0
18,69879,0
18,70146,0
18,70764,0
18,70975,0
18,71524,0
18,72164,0
18,72653,0
18,72858,0
18,72970,0
18,73211,0
18,73495,0
18,73589,0
18,74247,0
18,74777,0
18,75163,0
18,75381,0
18,75561,0
18,75628,0
18,75688,0
18,76658,0
18,76813,0
18,77858,0
18,77970,0
18,78198,0
18,78239,0
18,78333,0
18,78380,0
18,79375,0
18,79629,0
18,79813,0
18,80472,0
18,80515,0
18,81223,0
18,81994,0
18,82351,1
18,82874,0
18,83148,0
18,84459,0
18,84479,0
18,84611,1
18,84794,0
18,85531,0
18,85636,0
18,86234,0
18,86408,0
18,86938,0
18,87214,0
18,87612,0
18,87638,0
18,88234,0
18,88260,0
18,89732,0
18,89754,0
18,90411,0
18,90543,0
18,90647,0
18,90915,0
18,91778,0
18,91833,0
18,92062,0
18,92957,0
18,93184,0
18,93537,0
18,93655,0
18,93698,0
18,94760,0
18,95421,0
18,95476,0
18,95918,0
18,95927,0
18,96241,0
18,96445,0
18,96891,0
18,97267,0
18,97342,0
18,97490,0
18,98431,0
18,98872,0
18,99013,0
18,99538,0
18,99640,0
18,99754,0
18,99870,0
18,100108,0
18,100202,0
18,100691,1
18,100879,1
18,100926,0
18,102283,0
18,103087,0
18,103639,0
18,104126,0
18,104946,0
18,105139,0
18,105447,0
18,107513,0
18,107821,0
18,107822,0
19,48,0
19,1704,0
19,2699,0
19,3338,0
19,3825,0
19,4019,0
19,5084,1
19,5296,1
19,5749,0
19,5819,0
19,6730,1
19,6824,0
19,6941,1
19,6963,0
19,7531,0
19,8081,0
19,9060,1
19,9264,0
19,9332,1
19,9405,0
19,9613,0
19,9784,1
19,11395,0
19,11829,0
19,12372,0
19,13451,0
19,14573,0
19,15493,0
19,16231,0
19,18011,0
19,18040,1
19,20002,0
19,20941,0
19,21585,0
19,23457,0
19,23951,0
19,24425,0
19,26179,0
19,26196,0
19,26356,0
19,26787,0
19,28924,0
19,29111,0
19,29754,0
19,30515,0
19,31417,0
19,31551,0
19,31748,0
19,32400,0
19,33081,0
19,33174,0
19,33626,0
19,33680,0
19,35166,0
19,35364,0
19,36207,0
19,36759,0
19,37850,0
19,38457,0
19,38802,0
19,41160,0
19,41250,0
19,41294,0
19,41625,1
19,42119,1
19,43003,0
19,43190,0
19,46380,0
19,46525,0
19,46583,0
19,46615,0
19,46816,0
19,46895,0
19,47384,0
19,47692,0
19,48543,0
19,48659,0
19,49067,0
19,49266,0
19,49496,0
19,50979,0
19,51431,0
19,51727,0
19,52291,0
19,52555,0
19,52700,0
19,52855,0
19,53215,0
19,53693,0
19,54313,0
19,54536,0
19,55185,0
19,55404,0
19,56113,0
19,57614,0
19,58736,0
19,59177,0
19,59738,0
19,59956,0
19,59965,0
19,60229,0
19,61422,0
19,62131,0
19,62495,0
19,64180,0
19,64242,0
19,65108,1
19,65381,0
19,65400,0
19,66080,0
19,66304,0
19,67229,0
19,67562,0
19,67807,0
19,69138,0
19,69879,0
19,70433,0
19,70801,1
19,71085,0
19,71107,0
19,71532,0
19,71686,0
19,72074,0
19,74190,0
19,74233,0
19,75204,0
19,75381,0
19,75473,1
19,75919,0
19,75965,0
19,75983,0
19,76658,1
19,77832,0
19,77958,0
19,77968,0
19,78233,0
19,78322,0
19,78386,0
19,78526,0
19,78988,0
19,80108,0
19,80129,0
19,80440,0
19,80832,0
19,81487,0
19,81638,0
19,82646,0
19,83426,0
19,83689,0
19,83874,1
19,83967,0
19,84025,0
19,84303,0
19,84585,0
19,86006,0
19,86526,0
19,86901,0
19,87738,0
19,88110,0
19,88607,0
19,88939,0
19,89081,1
19,89324,0
19,89488,0
19,91164,1
19,91531,0
19,91947,0
19,92236,0
19,93299,0
19,94020,0
19,94207,0
19,94368,0
19,94409,0
19,94524,1
19,94962,0
19,95202,0
19,96738,0
19,97985,0
19,98629,0
19,98923,0
19,99201,0
19,99293,0
19,99888,0
19,100006,0
19,100202,1
19,101376,0
19,102029,0
19,102205,0
19,102480,0
19,102755,0
19,103311,0
19,103493,1
19,103872,1
19,104420,0
19,105728,0
19,107186,0
20,11,0
20,134,0
20,227,0
20,711,0
20,852,1
20,2343,0
20,2850,0
20,3494,0
20,4275,0
20,4306,0
20,5487,0
20,6698,0
20,7935,0
20,8004,0
20,8006,0
20,8318,0
20,8382,0
20,8460,0
20,8483,0
20,9984,0
20,10747,0
20,10902,0
20,11472,0
20,11749,0
20,12166,0
20,13450,0
20,13740,1
20,14366,0
20,14489,0
20,14728,0
20,14909,0
20,15911,0
20,16213,0
20,16307,0
20,16812,0
20,17213,0
20,18854,0
20,19362,0
20,19459,0
20,21505,0
20,21524,0
20,22884,0
20,23029,0
20,23203,0
20,24156,0
20,24470,0
20,24761,1
20,24939,0
20,26121,0
20,26277,0
20,26363,0
20,26887,0
20,27627,0
20,28376,0
20,29047,0
20,29334,0
20,29352,0
20,29383,0
20,29533,0
20,29715,0
20,31087,0
20,31119,0
20,31433,0
20,31526,0
20,31937,1
20,32390,0
20,32615,0
20,33262,0
20,34250,1
20,34481,0
20,34683,0
20,34863,0
20,36372,0
20,38561,0
20,38581,0
20,38664,0
20,38973,0
20,39119,1
20,39251,0
20,39494,0
20,39666,0
20,39896,0
20,40428,0
20,41067,0
20,41150,0
20,41391,0
20,41820,1
20,43167,0
20,43716,0
20,43778,0
20,43781,0
20,44104,0
20,44273,0
20,45568,0
20,45879,0
20,45963,0
20,47746,0
20,48092,0
20,48115,0
20,48471,1
20,48863,0
20,49144,0
20,50448,0
20,51929,0
20,52303,0
20,52688,0
20,52969,1
20,53813,0
20,54087,0
20,54829,0
20,55390,0
20,56817,0
20,59410,0
20,60474,0
20,61244,0
20,61385,0
20,61468,0
20,61770,0
20,61774,0
20,61815,1
20,62194,0
20,62626,0
20,62903,0
20,63129,0
20,64880,0
20,64910,0
20,65378,0
20,65562,0
20,65579,0
20,65604,1
20,66175,0
20,66625,0
20,66899,0
20,67432,0
20,67443,0
20,67807,0
20,67808,0
20,67963,0
20,68154,0
20,68251,0
20,68321,0
20,68877,0
20,69635,0
20,69759,0
20,69828,0
20,70085,0
20,70970,0
20,71023,0
20,71145,0
20,71565,0
20,71999,0
20,72522,1
20,73161,0
20,73533,0
20,73607,0
20,74886,0
20,75121,0
20,75263,1
20,75688,0
20,75919,0
20,76360,0
20,76413,0
20,76935,0
20,78669,0
20,78770,0
20,79581,0
20,79981,0
20,80534,0
20,81147,0
20,81299,0
20,81613,0
20,82032,0
20,82596,1
20,84104,0
20,84491,0
20,84618,0
20,85446,1
20,85499,0
20,86493,0
20,87147,1
20,87730,0
20,87741,0
20,88207,0
20,88409,1
20,88778,0
20,88889,0
20,89188,0
20,89369,0
20,89516,0
20,89718,0
20,90061,0
20,90995,0
20,91396,0
20,91468,0
20,91604,0
20,91871,0
20,92452,0
20,92793,0
20,93360,0
20,93764,0
20,94247,0
20,94307,0
20,95082,0
20,95613,0
20,95788,0
20,96241,0
20,96603,0
20,96766,0
20,98473,0
20,99341,0
20,99714,0
20,100351,0
20,101267,0
20,101291,0
20,101420,0
20,101732,0
20,101872,0
20,102075,0
20,102307,0
20,102320,0
20,103225,1
20,103243,0
20,103579,0
20,104476,1
20,105398,0
20,105988,0
20,106224,0
20,106591,0
20,106626,0
20,107395,0
20,107669,0
20,107737,0
20,107749,0
20,107827,0
21,100,0
21,757,0
21,845,0
21,915,0
21,1127,0
21,1354,0
21,1791,0
21,1848,0
21,2339,1
21,2466,0
21,2553,0
21,3336,0
21,4281,0
21,4487,0
21,4624,0
21,4799,0
21,5541,0
21,5672,0
21,6033,1
21,6104,0
21,6466,0
21,6683,0
21,6773,0
21,7335,0
21,7542,0
21,7694,0
21,7780,1
21,8170,0
21,8530,0
21,9677,0
21,9784,0
21,10003,0
21,10374,0
21,10936,0
21,11795,0
21,11902,0
21,11961,0
21,12115,0
21,12122,0
21,13114,0
21,13739,1
21,14074,0
21,14098,1
21,14483,0
21,14770,1
21,15363,0
21,16329,0
21,16411,1
21,16786,1
21,16942,0
21,17135,0
21,17347,0
21,18116,0
21,18810,1
21,18924,0
21,19331,0
21,19928,0
21,20216,0
21,20499,0
21,21085,0
21,21350,0
21,21852,0
21,22585,0
21,23307,0
21,23511,0
21,23994,0
21,24348,0
21,24939,0
21,25198,0
21,25250,0
21,26179,0
21,26915,0
21,27743,0
21,28112,1
21,28152,0
21,28286,0
21,28313,0
21,28566,0
21,28805,0
21,29013,0
21,29047,0
21,29471,0
21,29754,0
21,29786,0
21,30105,0
21,30232,0
21,30272,0
21,30332,0
21,30416,0
21,30753,0
21,30876,1
21,31708,0
21,32010,0
21,32076,0
21,32348,0
21,32517,0
21,32545,0
21,32687,0
21,32862,0
21,32944,0
21,33770,0
21,34867,0
21,35498,0
21,36076,0
21,36263,0
21,36567,0
21,37218,0
21,37382,0
21,37791,0
21,38075,0
21,38194,0
21,38221,1
21,38669,0
21,39003,0
21,39498,0
21,39722,0
21,39852,0
21,40152,0
21,40166,0
21,40170,1
21,40398,0
21,40663,0
21,41671,0
21,41924,0
21,42030,1
21,42540,0
21,42653,0
21,42816,0
21,43258,0
21,43415,0
21,43476,0
21,43482,0
21,43628,1
21,43956,0
21,44672,0
21,44752,0
21,44944,0
21,45066,0
21,45107,0
21,45156,0
21,45964,0
21,46901,0
21,46902,0
21,46915,0
21,46930,0
21,47134,1
21,47248,0
21,47294,0
21,47723,0
21,47891,0
21,48843,0
21,48855,0
21,50289,0
21,50440,0
21,51163,0
21,51481,1
21,51783,0
21,52067,0
21,52653,0
21,52688,0
21,52736,0
21,53270,0
21,53407,0
21,53512,0
21,53788,0
21,54209,0
21,54586,0
21,54829,0
21,54853,0
21,55151,0
21,55421,0
21,55869,0
21,56823,0
21,57054,0
21,57060,0
21,57635,0
21,57787,0
21,57862,0
21,59487,0
21,59766,0
21,59985,1
21,60112,0
21,60664,0
21,61518,0
21,63662,0
21,63730,0
21,63908,1
21,64358,0
21,64622,0
21,64765,0
21,65108,0
21,65178,0
21,65329,0
21,66259,0
21,66832,0
21,66898,0
21,67106,0
21,67376,0
21,67615,0
21,67651,0
21,69310,1
21,70066,0
21,70833,0
21,71301,0
21,71510,0
21,71863,0
21,72021,0
21,72545,0
21,72567,0
21,72569,1
21,72593,0
21,72621,0
21,73222,0
21,73338,0
21,73390,0
21,73391,0
21,73575,0
21,73889,0
21,75026,0
21,75503,0
21,75608,1
21,76289,0
21,76614,0
21,76631,0
21,76683,1
21,76836,0
21,77123,0
21,78437,0
21,78469,0
21,78644,0
21,78884,1
21,79048,0
21,79739,0
21,79985,0
21,80234,0
21,80515,1
21,80545,0
21,80660,0
21,81207,0
21,81218,0
21,81538,0
21,82284,0
21,82896,0
21,84301,0
21,84530,0
21,85726,0
21,86073,1
21,86639,0
21,86979,0
21,87119,0
21,87154,0
21,87261,0
21,87340,0
21,87835,0
21,88518,1
21,88837,0
21,89297,0
21,89473,0
21,89524,0
21,89744,0
21,89785,0
21,90915,1
21,90960,1
21,91686,0
21,92161,0
21,93081,0
21,93184,0
21,93206,0
21,93487,1
21,93667,0
21,93716,0
21,94105,0
21,94226,0
21,94275,0
21,94551,0
21,95424,0
21,96682,0
21,96754,0
21,97185,0
21,98035,0
21,98147,0
21,98148,0
21,99705,0
21,100006,0
21,100103,0
21,100401,0
21,100559,1
21,101517,0
21,101533,0
21,101727,0
21,102713,0
21,102788,0
21,103120,0
21,103461,1
21,104121,0
21,104549,0
21,105122,0
21,105210,0
21,105268,0
21,105383,0
21,106058,0
21,106245,0
21,106327,0
21,106539,0
21,106767,1
21,107746,0
22,193,0
22,471,0
22,731,0
22,877,0
22,2032,0
22,4040,0
22,4101,0
22,4355,0
22,4408,0
22,4681,1
22,4959,0
22,5277,0
22,5663,1
22,5690,0
22,5819,0
22,6730,0
22,7487,0
22,8520,0
22,8625,0
22,8662,0
22,8941,0
22,9784,0
22,10348,0
22,11954,0
22,12026,0
22,12289,1
22,12379,0
22,14101,0
22,14547,0
22,15804,0
22,15830,0
22,16188,0
22,16294,0
22,16320,0
22,16463,0
22,17223,0
22,17344,0
22,18040,0
22,19492,0
22,19652,1
22,20380,0
22,20730,0
22,21335,0
22,22377,0
22,22472,0
22,22865,0
22,24071,0
22,24216,0
22,24694,0
22,25554,0
22,25654,0
22,25918,0
22,26177,0
22,26376,0
22,26402,0
22,26603,0
22,27200,0
22,27549,0
22,27654,0
22,28359,0
22,28498,0
22,28594,0
22,32079,0
22,32551,0
22,32699,1
22,32813,0
22,32977,0
22,33633,0
22,33949,1
22,34128,0
22,34170,0
22,34314,0
22,34481,0
22,35464,0
22,35595,0
22,36246,0
22,37822,0
22,38256,0
22,38559,0
22,39216,0
22,39641,0
22,41294,0
22,41505,0
22,41625,0
22,41918,0
22,42975,0
22,43165,0
22,44979,0
22,46335,0
22,46710,0
22,47319,0
22,47935,0
22,47975,0
22,48409,0
22,49024,0
22,49207,0
22,49960,0
22,51013,0
22,51568,0
22,51758,0
22,51810,0
22,52264,0
22,52314,0
22,52884,0
22,53021,0
22,53197,0
22,53305,0
22,53822,0
22,53864,0
22,53910,0
22,54042,0
22,54345,0
22,54376,0
22,54770,0
22,54899,0
22,55396,0
22,55504,0
22,55608,0
22,56311,0
22,56639,0
22,56668,0
22,57038,0
22,57174,0
22,59116,0
22,59193,0
22,59639,0
22,60056,0
22,60635,1
22,61340,0
22,61518,0
22,61615,0
22,62091,0
22,62101,0
22,63105,0
22,63819,0
22,63908,0
22,64174,1
22,64788,0
22,65129,0
22,65195,0
22,65623,0
22,66015,0
22,66206,0
22,66357,0
22,66650,0
22,66991,0
22,67154,0
22,67229,0
22,67435,0
22,68276,0
22,68321,0
22,70031,0
22,70465,0
22,70522,0
22,70641,0
22,70984,0
22,71155,0
22,71321,0
22,71648,0
22,72505,0
22,72531,0
22,72740,0
22,72743,1
22,72791,0
22,72974,0
22,73575,0
22,73932,1
22,74553,1
22,75026,0
22,75207,0
22,76618,0
22,77693,0
22,77754,0
22,77803,0
22,77864,0
22,77961,0
22,78559,0
22,78745,0
22,79397,0
22,79527,0
22,82286,0
22,82767,0
22,82775,0
22,82884,0
22,83099,0
22,84120,0
22,84229,1
22,84264,0
22,84619,0
22,85096,0
22,85128,0
22,87002,0
22,87233,0
22,87407,0
22,87843,0
22,88837,0
22,89385,0
22,90373,0
22,90543,0
22,90699,0
22,90925,0
22,91579,0
22,92006,0
22,92551,0
22,92822,0
22,93216,0
22,93668,0
22,94467,0
22,95421,0
22,95663,0
22,95927,0
22,96152,0
22,96241,0
22,96323,0
22,96826,0
22,97311,0
22,98272,0
22,98430,1
22,98493,0
22,98632,0
22,99141,0
22,100202,0
22,101895,0
22,102075,0
22,103437,0
22,103740,0
22,103872,0
22,104298,0
22,104746,0
22,106346,1
22,106793,0
22,107102,0
22,107866,0
23,407,0
23,902,0
23,1048,0
23,1065,0
23,1149,0
23,1704,0
23,2220,0
23,2431,0
23,2582,0
23,2693,0
23,4955,0
23,5283,0
23,5640,0
23,5690,0
23,5762,0
23,6429,0
23,6670,0
23,6967,0
23,7590,0
23,7718,0
23,7737,1
23,7865,0
23,8106,1
23,8989,0
23,9009,0
23,9200,0
23,9401,0
23,9579,0
23,9585,0
23,9590,0
23,9875,0
23,9935,0
23,10271,1
23,10428,0
23,10481,0
23,11626,0
23,12203,0
23,12351,0
23,12379,0
23,12534,0
23,12718,0
23,12735,1
23,13032,0
23,13235,0
23,13695,0
23,13739,0
23,13905,0
23,13933,0
23,14366,0
23,14605,0
23,14762,0
23,14924,0
23,15129,0
23,15176,0
23,15541,0
23,15654,0
23,16294,0
23,16752,1
23,16773,1
23,17586,1
23,17691,1
23,17986,0
23,18149,0
23,18384,0
23,18472,0
23,18619,1
23,18770,0
23,19160,0
23,19714,0
23,20177,0
23,20205,0
23,20431,0
23,20824,0
23,20883,0
23,20963,0
23,21140,0
23,21754,0
23,22258,0
23,22287,0
23,22311,0
23,22683,0
23,23064,0
23,23279,0
23,24067,0
23,24276,0
23,24291,0
23,24612,0
23,25071,0
23,25684,0
23,25873,0
23,26096,1
23,26129,0
23,26429,0
23,26762,0
23,26943,0
23,28045,0
23,30372,0
23,30694,0
23,30869,0
23,31573,1
23,31710,0
23,31721,0
23,31754,0
23,33009,0
23,33106,0
23,33633,1
23,33690,0
23,33907,0
23,34226,0
23,34306,0
23,34485,0
23,34523,0
23,34854,0
23,35022,0
23,35370,0
23,35506,0
23,35540,0
23,35618,0
23,35883,0
23,36059,0
23,36080,0
23,36101,0
23,36332,0
23,36352,0
23,36372,0
23,36820,0
23,37015,0
23,37214,0
23,37798,0
23,38141,0
23,38559,0
23,39280,0
23,39419,0
23,39554,0
23,40519,0
23,40910,0
23,41290,0
23,41342,0
23,41531,0
23,41653,0
23,41862,0
23,42239,0
23,42939,0
23,43082,0
23,43239,0
23,43403,0
23,43708,0
23,43937,0
23,44022,0
23,44063,0
23,44181,0
23,44579,1
23,44793,0
23,44964,0
23,45289,0
23,45599,0
23,45607,0
23,45680,0
23,45726,0
23,46019,0
23,46350,0
23,46746,0
23,46760,0
23,46816,0
23,46983,0
23,47191,0
23,47559,0
23,47975,0
23,48728,0
23,48807,0
23,48843,0
23,48856,0
23,49025,0
23,49097,0
23,49184,0
23,49697,0
23,49867,0
23,50145,0
23,50443,1
23,50583,0
23,50703,0
23,50774,0
23,50834,1
23,50923,0
23,51220,0
23,51473,0
23,51936,0
23,52001,0
23,52341,0
23,52347,0
23,52783,0
23,53354,0
23,53401,0
23,53483,0
23,53852,0
23,54345,0
23,54508,0
23,54725,0
23,54817,0
23,54829,0
23,54895,0
23,55357,0
23,55735,0
23,55812,0
23,56311,0
23,57679,1
23,58055,0
23,58608,0
23,58650,0
23,59088,0
23,59236,0
23,59327,0
23,59510,0
23,59648,0
23,59890,0
23,60498,0
23,60913,0
23,61070,0
23,62091,0
23,62146,0
23,62162,0
23,62524,0
23,62571,0
23,62851,0
23,62901,0
23,62903,0
23,63014,0
23,63149,0
23,63819,0
23,64277,1
23,64459,0
23,64656,1
23,64850,0
23,65329,0
23,65439,0
23,65566,0
23,65568,0
23,65881,0
23,66079,1
23,66526,1
23,66999,0
23,67135,0
23,67517,0
23,67803,0
23,68514,0
23,68562,0
23,68881,0
23,69003,0
23,69111,0
23,69124,0
23,69263,0
23,69344,0
23,69418,0
23,69439,0
23,69488,0
23,69517,0
23,69834,0
23,70116,0
23,70276,0
23,70424,0
23,70766,0
23,70861,0
23,71524,0
23,72844,0
23,73589,0
23,74985,0
23,75207,0
23,75561,0
23,75610,0
23,75888,0
23,75919,0
23,75992,0
23,76188,0
23,76470,0
23,78029,0
23,78192,0
23,78745,0
23,78783,0
23,79200,0
23,79332,0
23,79888,0
23,79894,0
23,80234,0
23,80702,0
23,80713,0
23,82031,1
23,83317,0
23,83994,0
23,84158,0
23,84335,0
23,84538,0
23,85474,0
23,85700,0
23,85804,0
23,85936,0
23,86311,0
23,86601,0
23,86676,0
23,87107,1
23,87119,0
23,87340,0
23,87612,0
23,87843,0
23,88260,0
23,88401,0
23,88524,0
23,91145,0
23,91554,0
23,91590,0
23,91923,0
23,92006,0
23,92286,0
23,92534,0
23,93004,0
23,93114,0
23,93216,0
23,93261,0
23,93404,0
23,93418,1
23,93504,0
23,94387,0
23,94483,0
23,95421,0
23,95450,0
23,95493,1
23,95950,0
23,96606,1
23,96647,1
23,97258,0
23,97356,0
23,97511,0
23,97640,0
23,97687,0
23,98872,0
23,100337,0
23,100339,1
23,100543,0
23,100885,0
23,102025,0
23,102415,0
23,102455,0
23,102813,0
23,103087,0
23,103157,0
23,103161,0
23,103773,0
23,104044,1
23,104255,1
23,104956,0
23,105477,1
23,105786,0
23,105884,0
23,105934,0
23,106146,1
23,106270,0
23,107306,0
23,107617,0
24,101,0
24,471,0
24,2312,1
24,2582,0
24,2641,0
24,3014,0
24,3792,0
24,4031,0
24,5458,0
24,5748,0
24,7027,0
24,8063,0
24,8625,0
24,9032,0
24,9766,0
24,9776,0
24,9842,0
24,9875,0
24,10084,0
24,10496,0
24,11020,0
24,11954,0
24,12391,0
24,12588,0
24,13330,0
24,13527,0
24,13546,0
24,13549,0
24,13558,0
24,14005,0
24,14284,0
24,14762,0
24,15003,0
24,16294,0
24,16494,0
24,16529,0
24,17126,0
24,18102,0
24,18135,0
24,18539,0
24,18986,0
24,19205,0
24,19621,0
24,20040,0
24,20295,0
24,20664,0
24,20686,0
24,21278,0
24,21311,0
24,21536,0
24,22179,0
24,22238,1
24,22752,0
24,23101,0
24,23248,0
24,23337,0
24,23618,0
24,23726,0
24,25447,0
24,25609,0
24,26376,0
24,26402,0
24,26412,0
24,26581,0
24,26667,0
24,26676,0
24,27878,0
24,28634,0
24,28771,0
24,28878,1
24,29051,0
24,29591,0
24,29871,0
24,30372,0
24,31372,0
24,31384,0
24,31487,0
24,31710,0
24,34012,0
24,34253,0
24,34689,0
24,34918,0
24,35319,0
24,35470,0
24,36432,1
24,36672,0
24,37094,0
24,37195,0
24,37309,0
24,38363,0
24,38453,0
24,39153,0
24,39164,0
24,39745,0
24,39772,0
24,39814,0
24,39836,0
24,40263,0
24,40282,1
24,40562,0
24,40613,0
24,40753,0
24,40951,0
24,41708,0
24,42764,0
24,43094,0
24,44371,0
24,46148,0
24,46241,0
24,46754,0
24,47221,0
24,47228,0
24,47405,0
24,47704,0
24,47747,0
24,47933,0
24,48412,0
24,48970,0
24,49094,0
24,49147,0
24,49871,0
24,50116,0
24,50198,0
24,50255,0
24,50322,0
24,50889,0
24,50946,0
24,52350,0
24,52493,0
24,52884,0
24,52985,0
24,53042,0
24,53136,0
24,53596,0
24,53812,0
24,53821,0
24,53863,0
24,54015,0
24,54035,0
24,54057,0
24,54189,0
24,54345,0
24,54523,0
24,54799,0
24,55236,0
24,55286,0
24,55473,0
24,56162,0
24,57139,0
24,57237,0
24,57852,1
24,57952,0
24,58167,0
24,58424,0
24,58600,0
24,58864,0
24,59125,0
24,59355,0
24,59684,0
24,59688,0
24,59729,0
24,59873,0
24,60091,0
24,60495,0
24,60670,0
24,61073,0
24,61416,0
24,62091,0
24,62482,1
24,62661,0
24,62966,0
24,63110,0
24,63282,0
24,63411,0
24,63500,0
24,64022,0
24,64367,0
24,64513,0
24,64733,0
24,64757,0
24,64791,0
24,65129,0
24,65170,1
24,65609,0
24,65660,0
24,66006,0
24,66371,0
24,67273,0
24,67403,0
24,67472,0
24,67601,0
24,67911,0
24,68023,0
24,68474,1
24,68689,1
24,69021,0
24,69185,0
24,69834,0
24,70358,0
24,71980,0
24,72144,0
24,72740,0
24,73213,0
24,73901,0
24,74189,0
24,74391,0
24,75536,0
24,75561,0
24,75701,0
24,75706,0
24,75814,0
24,75883,0
24,76095,0
24,76291,0
24,76414,0
24,76434,0
24,76934,0
24,77084,0
24,77311,0
24,78811,0
24,79549,0
24,80557,0
24,81690,0
24,82082,0
24,82389,0
24,82940,0
24,83380,0
24,83444,0
24,83835,0
24,84156,0
24,84926,0
24,84969,0
24,85684,0
24,85765,0
24,85831,0
24,86987,0
24,87059,0
24,87804,0
24,87953,0
24,88155,0
24,88435,0
24,89156,1
24,89698,0
24,89754,0
24,89962,0
24,90041,0
24,90133,0
24,90619,0
24,90620,0
24,90925,0
24,91215,0
24,91435,0
24,93522,0
24,93901,0
24,94600,0
24,95559,0
24,95682,0
24,95984,0
24,96286,0
24,96445,0
24,96450,0
24,96861,0
24,96964,1
24,97134,0
24,97373,0
24,97777,1
24,98193,1
24,99197,0
24,99262,0
24,99563,0
24,100158,1
24,100337,0
24,101411,0
24,102283,0
24,102498,0
24,102672,0
24,103519,0
24,103602,0
24,104101,0
24,104172,0
24,104643,0
24,105687,0
24,106816,0
24,106828,0
25,278,0
25,860,0
25,1065,0
25,1768,0
25,2083,0
25,2111,0
25,2217,0
25,2582,0
25,2634,0
25,2671,0
25,2852,0
25,3446,0
25,3792,0
25,3978,0
25,4375,0
25,4515,1
25,4955,0
25,6042,0
25,7592,1
25,7949,0
25,8411,0
25,8513,0
25,9130,0
25,9875,0
25,10717,0
25,11109,0
25,11235,0
25,11882,0
25,11954,0
25,12351,0
25,12497,0
25,12541,0
25,12875,0
25,13598,0
25,13905,0
25,14762,0
25,15300,0
25,15409,0
25,15626,0
25,16187,0
25,16294,0
25,16441,0
25,18472,0
25,18579,0
25,18693,0
25,18986,0
25,19621,0
25,20153,0
25,20205,0
25,20431,0
25,20686,0
25,20824,0
25,20907,0
25,21092,0
25,21647,1
25,22268,0
25,22311,0
25,22380,0
25,22489,0
25,22490,0
25,23765,0
25,24776,1
25,25346,1
25,25447,0
25,25621,0
25,26402,0
25,26534,1
25,27099,0
25,27316,1
25,27476,0
25,27746,0
25,27939,0
25,28159,0
25,28179,0
25,28550,1
25,28841,0
25,28918,0
25,30246,0
25,30372,0
25,30392,0
25,30536,0
25,30712,0
25,31710,0
25,32231,0
25,32584,0
25,33007,1
25,33106,0
25,33590,0
25,34230,0
25,34253,0
25,34453,0
25,34481,0
25,34690,1
25,35953,0
25,36332,0
25,36489,0
25,36808,0
25,37212,1
25,37806,0
25,38203,0
25,38363,0
25,38437,0
25,38559,0
25,39092,0
25,39164,0
25,39404,0
25,39419,0
25,39895,0
25,39898,0
25,40172,0
25,40613,0
25,40695,0
25,41245,0
25,41424,0
25,41629,0
25,42241,0
25,42258,0
25,42555,1
25,43524,0
25,43708,0
25,43937,0
25,44063,0
25,44428,1
25,44611,0
25,45354,0
25,45355,0
25,45703,0
25,46405,0
25,46662,1
25,46684,0
25,46796,0
25,46906,0
25,47069,1
25,47292,0
25,47404,1
25,47867,0
25,48088,0
25,49025,0
25,49031,0
25,49306,0
25,50198,0
25,50322,0
25,51145,0
25,51553,1
25,51626,0
25,51923,0
25,52003,0
25,52417,0
25,52493,0
25,53733,0
25,54035,0
25,54057,0
25,54345,0
25,54817,0
25,54979,0
25,55683,0
25,56134,0
25,56173,0
25,56264,1
25,56311,0
25,56880,1
25,56932,0
25,57220,1
25,57403,0
25,57622,0
25,58117,0
25,58722,0
25,58864,0
25,58993,0
25,59530,0
25,59682,0
25,61003,0
25,61499,0
25,61926,0
25,62021,1
25,62059,0
25,62091,0
25,62160,0
25,62250,0
25,62851,0
25,64196,0
25,64272,0
25,64383,0
25,65129,0
25,66094,0
25,66409,0
25,66999,0
25,67176,0
25,67379,1
25,67435,0
25,67555,0
25,67816,0
25,68483,1
25,68488,0
25,68514,0
25,68562,0
25,68853,0
25,69834,0
25,70206,1
25,70419,0
25,70764,0
25,71417,0
25,73284,0
25,73589,0
25,74272,0
25,74368,0
25,74777,0
25,75401,0
25,75561,0
25,76661,0
25,76786,0
25,76878,0
25,76908,0
25,77442,0
25,79236,1
25,79645,0
25,79719,0
25,79813,0
25,79994,0
25,80218,0
25,80241,0
25,80472,0
25,80698,0
25,80866,1
25,81355,0
25,81460,0
25,81529,0
25,81705,0
25,82057,0
25,82123,0
25,82560,0
25,82940,0
25,82987,0
25,83166,0
25,83729,0
25,83836,0
25,83952,1
25,84677,1
25,85851,0
25,86234,0
25,86311,0
25,86491,0
25,87612,0
25,87618,0
25,87767,0
25,87843,0
25,88260,0
25,88272,0
25,88278,0
25,88422,0
25,88607,1
25,89346,0
25,89754,0
25,90411,0
25,90543,0
25,91535,0
25,92006,0
25,92062,0
25,92545,0
25,92631,0
25,92658,1
25,92716,0
25,92822,0
25,93114,0
25,95421,0
25,95626,1
25,95984,0
25,96227,0
25,96342,0
25,96706,0
25,97310,0
25,97438,0
25,97849,0
25,98332,0
25,98872,0
25,99382,0
25,99619,0
25,100337,0
25,100373,1
25,100723,1
25,101211,0
25,102523,0
25,104126,0
25,104154,0
25,104295,0
25,104663,1
25,105152,0
25,105483,0
25,105631,1
25,106052,0
25,106083,0
25,106154,0
25,107513,0
25,107629,0
